file,tts_text,tts_text_diacritized,caption_on_screen,current_seconds
01.wav,قبل كلشي... شنو هو البي آر؟,قَبُل كِلْشِي... شِنُو هُوَّ الْبِي آرْ؟,قبل كلشي… شنو هو الـ BR؟,2.458
02.wav,البي آر مو مجرد تيم.,الْبِي آرْ، مُو مُجَرَّدْ تِيمْ.,الـ BR مو مجرد تيم.,1.901
03.wav,مو مجرد مجموعة مؤقتة.,مُو مُجَرَّدْ مَجْمُوعَة مُؤَقَّتَة.,مو مجرد مجموعة مؤقتة.,2.002
04.wav,ومو مشروع ينتهي بعد فترة.,وَمُو مَشْرُوعْ يِنْتِهِي بَعَدْ فَتْرَة.,ومو مشروع ينتهي بعد فترة.,2.174
05.wav,من البداية، الفكرة چانت أكبر من هذا.,مِنَ الْبِدَايَة، الْفِكْرَة كَانَتْ أَكْبَرْ مِنْ هَذَا.,من البداية، الفكرة جانت أكبر من هذا.,3.406
06.wav,البي آر هو تنظيم مبني على التقنية، الخبرة، والتعاون.,الْبِي آرْ، هُوَّ تَنْظِيمْ مَبْنِي عَلَى التِّقْنِيَّة، الْخِبْرَة، وَالتَّعَاوُنْ.,BR هو تنظيم مبني على التقنية، الخبرة، والتعاون.,4.735
07.wav,بنهاية سنة ألفين واثنين وعشرين بدأت فكرة بي آر.,بِنِهَايَةْ سَنَةْ أَلْفَيْنْ وَاثْنَيْنْ وَعِشْرِينْ، بِدَتْ فِكْرَةْ الْبِي آرْ.,بنهاية سنة 2022 بدأت فكرة BR.,4.653
08.wav,بالبداية كانت الفكرة عبارة عن تأسيس كيان يجمع الخبرات,بِالْبِدَايَة، كَانَتْ الْفِكْرَة عِبَارَة عَنْ تَأْسِيسْ كِيَانْ يِجْمَعْ الْخِبْرَاتْ,بالبداية كانت الفكرة عبارة عن تأسيس كيان يجمع الخبرات,4.796
09.wav,ويقدم أدوات وتقنيات وخدمات ضمن منظومة واحدة.,وِيْقَدِّمْ أَدَوَاتْ، وَتِقْنِيَّاتْ، وَخَدَمَاتْ، ضِمْنْ مَنْظُومَة وَحْدَة.,ويقدم أدوات وتقنيات وخدمات ضمن منظومة واحدة.,4.438
10.wav,الهدف من البداية ما چان مجرد جمع أشخاص.,الْهَدَفْ مِنَ الْبِدَايَة، مَا كَانْ مُجَرَّدْ جَمِعْ أَشْخَاصْ.,الهدف من البداية ما جان مجرد جمع أشخاص.,3.592
11.wav,الهدف چان بناء شيء منظم... عنده هيكل... عنده خدمات... وعنده رؤية.,الْهَدَفْ كَانْ بِنَاءْ شِي مُنَظَّمْ... عِنْدَهْ هَيْكَلْ... عِنْدَهْ خَدَمَاتْ... وَعِنْدَهْ رُؤْيَة.,الهدف جان بناء شيء منظم… عنده هيكل… عنده خدمات… وعنده رؤية.,6.078
12.wav,وبألفين وثلاثة وعشرين بدأ العمل الفعلي.,وَبْأَلْفَيْنْ وَثَلَاثَة وَعِشْرِينْ، بِدَا الْعَمَلْ الْفِعْلِي.,وبـ 2023 بدأ العمل الفعلي.,3.562
13.wav,الخدمات اشتغلت.,الْخَدَمَاتْ اِشْتَغَلَتْ.,الخدمات اشتغلت.,1.568
14.wav,الأنظمة بدأت تتطور.,الْأَنْظِمَة بَدَأَتْ تِتْطَوَّرْ.,الأنظمة بدأت تتطور.,1.879
15.wav,والبي آر بدأ يتحول من فكرة إلى منظومة حقيقية.,وَالْبِي آرْ بِدَا يِتْحَوَّلْ، مِنْ فِكْرَة، إِلَى مَنْظُومَة حَقِيقِيَّة.,والـ BR بدأ يتحول من فكرة إلى منظومة حقيقية.,4.001
16.wav,لكن بألفين وأربعة وعشرين تم تجميد المشروع.,لَكِنْ بْأَلْفَيْنْ وَأَرْبَعَة وَعِشْرِينْ، تَمْ تَجْمِيدْ الْمَشْرُوعْ.,لكن بـ 2024 تم تجميد المشروع.,3.937
17.wav,مو نهاية. ومو إلغاء للفكرة.,مُو نِهَايَة. وَمُو إِلْغَاءْ لِلْفِكْرَة.,مو نهاية. ومو إلغاء للفكرة.,2.326
18.wav,كان توقف مؤقت.,كَانْ تَوَقُّفْ مُؤَقَّتْ.,كان توقف مؤقت.,1.347
19.wav,الاسم بقى. الفكرة بقت. والخطة بقت موجودة.,الْاِسِمْ بُقَى. الْفِكْرَة بُقَتْ. وَالْخُطَّة بُقَتْ مَوْجُودَة.,الاسم بقى. الفكرة بقت. والخطة بقت موجودة.,3.849
20.wav,وهسه إحنا بألفين وستة وعشرين.,وْهَسَّه... إِحْنَا بْأَلْفَيْنْ وَسِتَّة وَعِشْرِينْ.,وهسه إحنا بـ 2026.,3.011
21.wav,والبي آر يرجع من جديد.,وَالْبِي آرْ يِرْجَعْ مِنْ جْدِيدْ.,والـ BR يرجع من جديد.,1.928
22.wav,لكن هالمرة مو كنسخة من الماضي.,لَكِنْ هَالْمَرَّة، مُو كَنُسْخَة مِنَ الْمَاضِي.,لكن هالمرة مو كنسخة من الماضي.,2.752
23.wav,هالمرة يرجع مثل ما چان مخطط إله من البداية... كتأسيس تنظيمي كامل.,هَالْمَرَّة يِرْجَعْ، مِثِلْ مَا كَانْ مُخَطَّطْ إِلَهْ مِنَ الْبِدَايَة... كَتَأْسِيسْ تَنْظِيمِي كَامِلْ.,هالمرة يرجع مثل ما جان مخطط إله من البداية… كتأسيس تنظيمي كامل.,6.008
24.wav,البي آر يعتمد بشكل أساسي على التقنية.,الْبِي آرْ، يِعْتِمِدْ بِشَكِلْ أَسَاسِي عَلَى التِّقْنِيَّة.,الـ BR يعتمد بشكل أساسي على التقنية.,3.634
25.wav,الفكرة هي إن الأدوات تشتغل ويانا...,الْفِكْرَة هِيَّ، إِنْ الْأَدَوَاتْ تِشْتُغْلْ وِيَّانَا...,الفكرة هي إن الأدوات تشتغل ويانا…,3.111
26.wav,مو إحنا نضيع وقتنا ويا الأدوات.,مُو إِحْنَا نْضَيِّعْ وَقِتْنَا وِيَّا الْأَدَوَاتْ.,مو إحنا نضيع وقتنا ويا الأدوات.,2.88
27.wav,وجزء أساسي من هذه البنية يعتمد على خدمات بيرا.,وَجُزْءْ أَسَاسِي مِنْ هَذِهِ الْبُنْيَة، يِعْتِمِدْ عَلَى خَدَمَاتْ بِيرَا.,وجزء أساسي من هذه البنية يعتمد على خدمات Pera.,4.464
28.wav,بيرا توفر البنية والاستضافة والخدمات التقنية,بِيرَا تْوَفِّرْ الْبُنْيَة، وَالْاِسْتِضَافَة، وَالْخَدَمَاتْ التِّقْنِيَّة,Pera توفر البنية والاستضافة والخدمات التقنية,4.062
29.wav,اللي يعتمد عليها جزء من أنظمة بي آر.,اللِّي يِعْتِمِدْ عَلِيهَا، جُزْءْ مِنْ أَنْظِمَةْ الْبِي آرْ.,اللي يعتمد عليها جزء من أنظمة BR.,3.669
30.wav,بس البي آر ما يبحث عن العدد.,بَسْ الْبِي آرْ... مَا يِبْحَثْ عَنْ الْعَدَدْ.,بس BR ما يبحث عن العدد.,2.855
31.wav,ما نريد شخص يدخل فقط حتى يصير اسمه عضو.,مَا نْرِيدْ شَخِصْ يِدْخُلْ فَقَطْ، حَتَّى يْصِيرْ اسْمَهْ عُضُو.,ما نريد شخص يدخل فقط حتى يصير اسمه عضو.,3.614
32.wav,نريد شخص عنده خبرة. عنده شيء يضيفه.,نْرِيدْ شَخِصْ عِنْدَهْ خِبْرَة. عِنْدَهْ شِي يْضِيفَهْ.,نريد شخص عنده خبرة. عنده شيء يضيفه.,3.05
33.wav,عنده مجال يعرف يشتغل بيه.,عِنْدَهْ مَجَالْ، يُعْرُفْ يِشْتُغْلْ بِيهْ.,عنده مجال يعرف يشتغل بيه.,2.345
34.wav,كل شخص داخل البي آر يكون عنده دور.,كُلْ شَخِصْ دَاخِلْ الْبِي آرْ، يْكُونْ عِنْدَهْ دَوْرْ.,كل شخص داخل BR يكون عنده دور.,2.961
35.wav,ولهذا، البي آر راح يكون مقسم إلى ثلاث جهات رئيسية.,وَلِهَذَا، الْبِي آرْ رَاحْ يْكُونْ مْقَسَّمْ إِلَى ثَلَاثْ جِهَاتْ رَئِيسِيَّة.,ولهذا، BR راح يكون مقسم إلى ثلاث جهات رئيسية.,4.68
36.wav,القسم الأول هو جماعة العمليات.,الْقِسِمْ الْأَوَّلْ، هُوَّ جَمَاعَةْ الْعَمَلِيَّاتْ.,القسم الأول هو جماعة العمليات.,2.93
37.wav,هذا القسم مسؤول عن الأنظمة، التشغيل، الأتمتة،,هَذَا الْقِسِمْ مَسْؤُولْ عَنْ الْأَنْظِمَة، التَّشْغِيلْ، الْأَتْمَتَة،,هذا القسم مسؤول عن الأنظمة، التشغيل، الأتمتة،,3.917
38.wav,الإدارة التقنية، ومتابعة البنية.,الْإِدَارَة التِّقْنِيَّة، وَمُتَابَعَةْ الْبُنْيَة.,الإدارة التقنية، ومتابعة البنية.,3.208
39.wav,القسم الثاني هو جماعة الاستخبارات.,الْقِسِمْ الثَّانِي، هُوَّ جَمَاعَةْ الْاِسْتِخْبَارَاتْ.,القسم الثاني هو جماعة الاستخبارات.,3.132
40.wav,يركز على البحث، التحليل، ترتيب المعلومات،,يْرَكِّزْ عَلَى الْبَحِثْ، التَّحْلِيلْ، تَرْتِيبْ الْمَعْلُومَاتْ،,يركز على البحث، التحليل، ترتيب المعلومات،,3.556
41.wav,استخدام أدوات البيانات، والاستفادة من الإيجنت.,اِسْتِخْدَامْ أَدَوَاتْ الْبَيَانَاتْ، وَالْاِسْتِفَادَة مِنَ الْإِيجِنْتْ.,استخدام أدوات البيانات، والاستفادة من الـ Agent.,4.098
42.wav,القسم الثالث هو جماعة التجارة.,الْقِسِمْ الثَّالِثْ، هُوَّ جَمَاعَةْ التِّجَارَة.,القسم الثالث هو جماعة التجارة.,2.899
43.wav,يركز على الخدمات، التعاملات، الشراكات، وتنظيم الجانب التجاري.,يْرَكِّزْ عَلَى الْخَدَمَاتْ، التَّعَامُلَاتْ، الشَّرَاكَاتْ، وَتَنْظِيمْ الْجَانِبْ التِّجَارِي.,يركز على الخدمات، التعاملات، الشراكات، وتنظيم الجانب التجاري.,5.478
44.wav,وبالنهاية... الفكرة بينا بسيطة.,وَبِالنِّهَايَة... الْفِكْرَة بِينَا بَسِيطَة.,وبالنهاية… الفكرة بينا بسيطة.,3.111
45.wav,إنت تفيدنا بخبرتك.,إِنْتَ تْفِيدْنَا بْخِبْرَتَكْ.,إنت تفيدنا بخبرتك.,1.538
46.wav,وإحنا نفيدك بالأدوات، الدعم، البنية، والخدمات اللي متوفرة عدنا.,وَإِحْنَا نْفِيدَكْ بِالْأَدَوَاتْ، الدَّعِمْ، الْبُنْيَة، وَالْخَدَمَاتْ اللِّي مِتْوَفْرَة عِدْنَا.,وإحنا نفيدك بالأدوات، الدعم، البنية، والخدمات اللي متوفرة عدنا.,5.833
47.wav,الفائدة لازم تكون متبادلة.,الْفَائِدَة لَازِمْ تْكُونْ مُتَبَادَلَة.,الفائدة لازم تكون متبادلة.,2.348
48.wav,مو طرف ياخذ... وطرف ثاني ما يحصل شيء.,مُو طَرَفْ يَاخُذْ... وَطَرَفْ ثَانِي مَا يِحْصَلْ شِي.,مو طرف ياخذ… وطرف ثاني ما يحصل شيء.,3.548
49.wav,البي آر اليوم مو خدمة وحدة. هو منظومة.,الْبِي آرْ الْيُومْ، مُو خِدْمَة وَحْدَة. هُوَّ مَنْظُومَة.,BR اليوم مو خدمة وحدة. هو منظومة.,3.574
50.wav,تقنية. بيانات. أتمتة. ذكاء صناعي. أقسام. وبنية مترابطة.,تِقْنِيَّة. بَيَانَاتْ. أَتْمَتَة. ذَكَاءْ صِنَاعِي. أَقْسَامْ. وَبُنْيَة مِتْرَابْطَة.,تقنية. بيانات. أتمتة. ذكاء صناعي. أقسام. وبنية مترابطة.,4.541
51.wav,هدفنا مو نسوي نسخة من أي تيم ثاني.,هَدَفْنَا مُو نْسَوِّي نُسْخَة مِنْ أَيْ تِيمْ ثَانِي.,هدفنا مو نسوي نسخة من أي تيم ثاني.,3.167
52.wav,ومو نكرر نفس الأدوات الموجودة عند الجميع.,وَمُو نْكَرِّرْ نَفْسْ الْأَدَوَاتْ الْمَوْجُودَة عِنْدْ الْجَمِيعْ.,ومو نكرر نفس الأدوات الموجودة عند الجميع.,3.549
53.wav,الهدف هو نبني منظومة عدها أدواتها،,الْهَدَفْ هُوَّ نِبْنِي مَنْظُومَة، عِدْهَا أَدَوَاتْهَا،,الهدف هو نبني منظومة عدها أدواتها،,3.227
54.wav,خدماتها، وطريقتها الخاصة بالشغل.,خَدَمَاتْهَا، وَطَرِيقَتْهَا الْخَاصَّة بِالشُّغُلْ.,خدماتها، وطريقتها الخاصة بالشغل.,3.291
55.wav,الفكرة بدأت بنهاية ألفين واثنين وعشرين.,الْفِكْرَة بِدَتْ بِنِهَايَةْ أَلْفَيْنْ وَاثْنَيْنْ وَعِشْرِينْ.,الفكرة بدأت بنهاية 2022.,3.503
56.wav,العمل بدأ بألفين وثلاثة وعشرين.,الْعَمَلْ بِدَا بْأَلْفَيْنْ وَثَلَاثَة وَعِشْرِينْ.,العمل بدأ بـ 2023.,3.045
57.wav,المشروع توقف بألفين وأربعة وعشرين.,الْمَشْرُوعْ تْوَقَّفْ بْأَلْفَيْنْ وَأَرْبَعَة وَعِشْرِينْ.,المشروع توقف بـ 2024.,3.231
58.wav,وبألفين وستة وعشرين... تبدأ المرحلة الجديدة.,وَبْأَلْفَيْنْ وَسِتَّة وَعِشْرِينْ... تِبْدِي الْمَرْحَلَة الْجِدِيدَة.,وبـ 2026… تبدأ المرحلة الجديدة.,3.972
59.wav,بي آر. أكثر من مجرد تيم.,بِي آرْ... أَكْثَرْ مِنْ مُجَرَّدْ تِيمْ.,BR. أكثر من مجرد تيم.,2.433
60.wav,منظمة مبنية على الخبرة، التقنية، والتنظيم.,مُنَظَّمَة مَبْنِيَّة عَلَى الْخِبْرَة، التِّقْنِيَّة، وَالتَّنْظِيمْ.,منظمة مبنية على الخبرة، التقنية، والتنظيم.,3.63
61.wav,العودة بدأت.,الْعَوْدَة... بَدَأَتْ.,العودة بدأت.,1.51
